[{"model": "auth.permission", "pk": 1, "fields": {"name": "Can add permission", "content_type": 1, "codename": "add_permission"}}, {"model": "auth.permission", "pk": 2, "fields": {"name": "Can change permission", "content_type": 1, "codename": "change_permission"}}, {"model": "auth.permission", "pk": 3, "fields": {"name": "Can delete permission", "content_type": 1, "codename": "delete_permission"}}, {"model": "auth.permission", "pk": 4, "fields": {"name": "Can view permission", "content_type": 1, "codename": "view_permission"}}, {"model": "auth.permission", "pk": 5, "fields": {"name": "Can add group", "content_type": 2, "codename": "add_group"}}, {"model": "auth.permission", "pk": 6, "fields": {"name": "Can change group", "content_type": 2, "codename": "change_group"}}, {"model": "auth.permission", "pk": 7, "fields": {"name": "Can delete group", "content_type": 2, "codename": "delete_group"}}, {"model": "auth.permission", "pk": 8, "fields": {"name": "Can view group", "content_type": 2, "codename": "view_group"}}, {"model": "auth.permission", "pk": 9, "fields": {"name": "Can add user", "content_type": 3, "codename": "add_user"}}, {"model": "auth.permission", "pk": 10, "fields": {"name": "Can change user", "content_type": 3, "codename": "change_user"}}, {"model": "auth.permission", "pk": 11, "fields": {"name": "Can delete user", "content_type": 3, "codename": "delete_user"}}, {"model": "auth.permission", "pk": 12, "fields": {"name": "Can view user", "content_type": 3, "codename": "view_user"}}, {"model": "auth.permission", "pk": 13, "fields": {"name": "Can add log entry", "content_type": 4, "codename": "add_logentry"}}, {"model": "auth.permission", "pk": 14, "fields": {"name": "Can change log entry", "content_type": 4, "codename": "change_logentry"}}, {"model": "auth.permission", "pk": 15, "fields": {"name": "Can delete log entry", "content_type": 4, "codename": "delete_logentry"}}, {"model": "auth.permission", "pk": 16, "fields": {"name": "Can view log entry", "content_type": 4, "codename": "view_logentry"}}, {"model": "auth.permission", "pk": 17, "fields": {"name": "Can add content type", "content_type": 5, "codename": "add_contenttype"}}, {"model": "auth.permission", "pk": 18, "fields": {"name": "Can change content type", "content_type": 5, "codename": "change_contenttype"}}, {"model": "auth.permission", "pk": 19, "fields": {"name": "Can delete content type", "content_type": 5, "codename": "delete_contenttype"}}, {"model": "auth.permission", "pk": 20, "fields": {"name": "Can view content type", "content_type": 5, "codename": "view_contenttype"}}, {"model": "auth.permission", "pk": 21, "fields": {"name": "Can add session", "content_type": 6, "codename": "add_session"}}, {"model": "auth.permission", "pk": 22, "fields": {"name": "Can change session", "content_type": 6, "codename": "change_session"}}, {"model": "auth.permission", "pk": 23, "fields": {"name": "Can delete session", "content_type": 6, "codename": "delete_session"}}, {"model": "auth.permission", "pk": 24, "fields": {"name": "Can view session", "content_type": 6, "codename": "view_session"}}, {"model": "auth.permission", "pk": 25, "fields": {"name": "Can add kv store", "content_type": 7, "codename": "add_kvstore"}}, {"model": "auth.permission", "pk": 26, "fields": {"name": "Can change kv store", "content_type": 7, "codename": "change_kvstore"}}, {"model": "auth.permission", "pk": 27, "fields": {"name": "Can delete kv store", "content_type": 7, "codename": "delete_kvstore"}}, {"model": "auth.permission", "pk": 28, "fields": {"name": "Can view kv store", "content_type": 7, "codename": "view_kvstore"}}, {"model": "auth.permission", "pk": 29, "fields": {"name": "Can add служба филиала", "content_type": 8, "codename": "add_department"}}, {"model": "auth.permission", "pk": 30, "fields": {"name": "Can change служба филиала", "content_type": 8, "codename": "change_department"}}, {"model": "auth.permission", "pk": 31, "fields": {"name": "Can delete служба филиала", "content_type": 8, "codename": "delete_department"}}, {"model": "auth.permission", "pk": 32, "fields": {"name": "Can view служба филиала", "content_type": 8, "codename": "view_department"}}, {"model": "auth.permission", "pk": 33, "fields": {"name": "Can add профиль пользователя", "content_type": 9, "codename": "add_profile"}}, {"model": "auth.permission", "pk": 34, "fields": {"name": "Can change профиль пользователя", "content_type": 9, "codename": "change_profile"}}, {"model": "auth.permission", "pk": 35, "fields": {"name": "Can delete профиль пользователя", "content_type": 9, "codename": "delete_profile"}}, {"model": "auth.permission", "pk": 36, "fields": {"name": "Can view профиль пользователя", "content_type": 9, "codename": "view_profile"}}, {"model": "auth.permission", "pk": 37, "fields": {"name": "Can add объект проверки", "content_type": 10, "codename": "add_location"}}, {"model": "auth.permission", "pk": 38, "fields": {"name": "Can change объект проверки", "content_type": 10, "codename": "change_location"}}, {"model": "auth.permission", "pk": 39, "fields": {"name": "Can delete объект проверки", "content_type": 10, "codename": "delete_location"}}, {"model": "auth.permission", "pk": 40, "fields": {"name": "Can view объект проверки", "content_type": 10, "codename": "view_location"}}, {"model": "auth.permission", "pk": 41, "fields": {"name": "Can add control", "content_type": 11, "codename": "add_control"}}, {"model": "auth.permission", "pk": 42, "fields": {"name": "Can change control", "content_type": 11, "codename": "change_control"}}, {"model": "auth.permission", "pk": 43, "fields": {"name": "Can delete control", "content_type": 11, "codename": "delete_control"}}, {"model": "auth.permission", "pk": 44, "fields": {"name": "Can view control", "content_type": 11, "codename": "view_control"}}, {"model": "auth.permission", "pk": 45, "fields": {"name": "Can add акт", "content_type": 12, "codename": "add_act"}}, {"model": "auth.permission", "pk": 46, "fields": {"name": "Can change акт", "content_type": 12, "codename": "change_act"}}, {"model": "auth.permission", "pk": 47, "fields": {"name": "Can delete акт", "content_type": 12, "codename": "delete_act"}}, {"model": "auth.permission", "pk": 48, "fields": {"name": "Can view акт", "content_type": 12, "codename": "view_act"}}, {"model": "auth.permission", "pk": 49, "fields": {"name": "Can add несоответствие", "content_type": 13, "codename": "add_fault"}}, {"model": "auth.permission", "pk": 50, "fields": {"name": "Can change несоответствие", "content_type": 13, "codename": "change_fault"}}, {"model": "auth.permission", "pk": 51, "fields": {"name": "Can delete несоответствие", "content_type": 13, "codename": "delete_fault"}}, {"model": "auth.permission", "pk": 52, "fields": {"name": "Can view несоответствие", "content_type": 13, "codename": "view_fault"}}, {"model": "auth.permission", "pk": 53, "fields": {"name": "Can add мероприятие", "content_type": 14, "codename": "add_fix"}}, {"model": "auth.permission", "pk": 54, "fields": {"name": "Can change мероприятие", "content_type": 14, "codename": "change_fix"}}, {"model": "auth.permission", "pk": 55, "fields": {"name": "Can delete мероприятие", "content_type": 14, "codename": "delete_fix"}}, {"model": "auth.permission", "pk": 56, "fields": {"name": "Can view мероприятие", "content_type": 14, "codename": "view_fix"}}, {"model": "auth.user", "pk": 1, "fields": {"password": "pbkdf2_sha256$260000$wEQLcGcrFBO7w8WUCinaIs$7c/Ez+YyUpMt/Z83CNuBpwiXZ0qfyCIafDMZFYT3KsA=", "last_login": "2021-09-27T08:24:18.117Z", "is_superuser": true, "username": "huji", "first_name": "Алексей", "last_name": "Сайгин", "email": "huji@mail.ru", "is_staff": true, "is_active": true, "date_joined": "2021-09-24T11:31:38Z", "groups": [], "user_permissions": []}}, {"model": "auth.user", "pk": 2, "fields": {"password": "qazxsw321", "last_login": null, "is_superuser": false, "username": "guest", "first_name": "Гость", "last_name": "", "email": "", "is_staff": false, "is_active": true, "date_joined": "2021-09-24T11:41:53Z", "groups": [], "user_permissions": []}}, {"model": "auth.user", "pk": 3, "fields": {"password": "qazxsw321", "last_login": null, "is_superuser": false, "username": "i.i.ivanov", "first_name": "Иван", "last_name": "Иванов", "email": "qwert@mail.ru", "is_staff": false, "is_active": true, "date_joined": "2021-09-25T03:28:56Z", "groups": [], "user_permissions": []}}, {"model": "auth.user", "pk": 4, "fields": {"password": "qazxsw321", "last_login": null, "is_superuser": false, "username": "p.p.petrov", "first_name": "Пётр", "last_name": "Петров", "email": "qwerty@mail.ru", "is_staff": false, "is_active": true, "date_joined": "2021-09-27T07:56:25Z", "groups": [], "user_permissions": []}}, {"model": "auth.user", "pk": 5, "fields": {"password": "qazxsw321", "last_login": null, "is_superuser": false, "username": "t.i.sapunov", "first_name": "Тимофей", "last_name": "Сапунов", "email": "qwerry@mail.ru", "is_staff": false, "is_active": true, "date_joined": "2021-09-27T07:57:47Z", "groups": [], "user_permissions": []}}, {"model": "auth.user", "pk": 6, "fields": {"password": "qazxsw321", "last_login": null, "is_superuser": false, "username": "a.p.beliy", "first_name": "Андрей", "last_name": "Белый", "email": "qwerty@mail.ru", "is_staff": false, "is_active": true, "date_joined": "2021-09-27T07:59:11Z", "groups": [], "user_permissions": []}}, {"model": "admin.logentry", "pk": 1, "fields": {"action_time": "2021-09-24T11:33:41.772Z", "user": 1, "content_type": 11, "object_id": "1", "object_repr": "1 уровень АПК", "action_flag": 1, "change_message": "[{\"added\": {}}]"}}, {"model": "admin.logentry", "pk": 2, "fields": {"action_time": "2021-09-24T11:37:00.917Z", "user": 1, "content_type": 11, "object_id": "1", "object_repr": "1 уровень АПК", "action_flag": 2, "change_message": "[{\"changed\": {\"fields\": [\"\\u041f\\u0443\\u0442\\u044c\"]}}]"}}, {"model": "admin.logentry", "pk": 3, "fields": {"action_time": "2021-09-24T11:37:32.157Z", "user": 1, "content_type": 11, "object_id": "2", "object_repr": "3 уровень АПК", "action_flag": 1, "change_message": "[{\"added\": {}}]"}}, {"model": "admin.logentry", "pk": 4, "fields": {"action_time": "2021-09-24T11:37:43.644Z", "user": 1, "content_type": 11, "object_id": "1", "object_repr": "1 уровень АПК", "action_flag": 3, "change_message": ""}}, {"model": "admin.logentry", "pk": 5, "fields": {"action_time": "2021-09-24T11:39:48.643Z", "user": 1, "content_type": 11, "object_id": "3", "object_repr": "4 уровень АПК", "action_flag": 1, "change_message": "[{\"added\": {}}]"}}, {"model": "admin.logentry", "pk": 6, "fields": {"action_time": "2021-09-24T11:40:15.877Z", "user": 1, "content_type": 11, "object_id": "3", "object_repr": "4 уровень АПК", "action_flag": 2, "change_message": "[{\"changed\": {\"fields\": [\"\\u041f\\u0443\\u0442\\u044c\"]}}]"}}, {"model": "admin.logentry", "pk": 7, "fields": {"action_time": "2021-09-24T11:40:26.239Z", "user": 1, "content_type": 11, "object_id": "2", "object_repr": "3 уровень АПК", "action_flag": 2, "change_message": "[{\"changed\": {\"fields\": [\"\\u041f\\u0443\\u0442\\u044c\"]}}]"}}, {"model": "admin.logentry", "pk": 8, "fields": {"action_time": "2021-09-24T11:40:37.936Z", "user": 1, "content_type": 11, "object_id": "3", "object_repr": "4 уровень АПК", "action_flag": 2, "change_message": "[{\"changed\": {\"fields\": [\"\\u041f\\u0443\\u0442\\u044c\"]}}]"}}, {"model": "admin.logentry", "pk": 9, "fields": {"action_time": "2021-09-24T11:40:46.390Z", "user": 1, "content_type": 11, "object_id": "2", "object_repr": "3 уровень АПК", "action_flag": 2, "change_message": "[{\"changed\": {\"fields\": [\"\\u041f\\u0443\\u0442\\u044c\"]}}]"}}, {"model": "admin.logentry", "pk": 10, "fields": {"action_time": "2021-09-24T11:42:22.994Z", "user": 1, "content_type": 8, "object_id": "1", "object_repr": "КС-5,6", "action_flag": 1, "change_message": "[{\"added\": {}}]"}}, {"model": "admin.logentry", "pk": 11, "fields": {"action_time": "2021-09-24T11:42:24.858Z", "user": 1, "content_type": 3, "object_id": "2", "object_repr": "qaser", "action_flag": 1, "change_message": "[{\"added\": {}}, {\"added\": {\"name\": \"\\u043f\\u0440\\u043e\\u0444\\u0438\\u043b\\u044c \\u043f\\u043e\\u043b\\u044c\\u0437\\u043e\\u0432\\u0430\\u0442\\u0435\\u043b\\u044f\", \"object\": \"\\u0412\\u0430\\u0441\\u0438\\u043b\\u0438\\u0439 \\u041c\\u0438\\u0440\\u043e\\u0432\"}}]"}}, {"model": "admin.logentry", "pk": 12, "fields": {"action_time": "2021-09-24T11:43:06.611Z", "user": 1, "content_type": 3, "object_id": "1", "object_repr": "huji", "action_flag": 2, "change_message": "[{\"changed\": {\"fields\": [\"First name\", \"Last name\"]}}, {\"changed\": {\"name\": \"\\u043f\\u0440\\u043e\\u0444\\u0438\\u043b\\u044c \\u043f\\u043e\\u043b\\u044c\\u0437\\u043e\\u0432\\u0430\\u0442\\u0435\\u043b\\u044f\", \"object\": \"\\u0422\\u0430\\u043b\\u0433\\u0430\\u043d \\u041c\\u0443\\u0441\\u0430\\u0433\\u0430\\u043b\\u0438\\u0435\\u0432\", \"fields\": [\"\\u041c\\u0435\\u0441\\u0442\\u043e \\u0440\\u0430\\u0431\\u043e\\u0442\\u044b\"]}}]"}}, {"model": "admin.logentry", "pk": 13, "fields": {"action_time": "2021-09-24T11:43:22.091Z", "user": 1, "content_type": 10, "object_id": "1", "object_repr": "КС-5,6 | ГПА 51", "action_flag": 1, "change_message": "[{\"added\": {}}]"}}, {"model": "admin.logentry", "pk": 14, "fields": {"action_time": "2021-09-24T15:05:56.169Z", "user": 1, "content_type": 12, "object_id": "1", "object_repr": "Акт №1-2021 | 3 уровень АПК", "action_flag": 3, "change_message": ""}}, {"model": "admin.logentry", "pk": 15, "fields": {"action_time": "2021-09-25T02:13:50.705Z", "user": 1, "content_type": 13, "object_id": "1", "object_repr": "№1, Акт №1, КС-5,6 | ГПА 51", "action_flag": 2, "change_message": "[{\"changed\": {\"name\": \"\\u043c\\u0435\\u0440\\u043e\\u043f\\u0440\\u0438\\u044f\\u0442\\u0438\\u0435\", \"object\": \"\\u041d\\u0435\\u0441\\u043e\\u043e\\u0442\\u0432\\u0435\\u0442\\u0441\\u0442\\u0432\\u0438\\u0435 \\u21161, \\u041a\\u0421-5,6 | \\u0413\\u041f\\u0410 51\", \"fields\": [\"\\u041c\\u0435\\u0440\\u043e\\u043f\\u0440\\u0438\\u044f\\u0442\\u0438\\u0435 \\u043f\\u043e \\u0443\\u0441\\u0442\\u0440\\u0430\\u043d\\u0435\\u043d\\u0438\\u044e\", \"\\u0418\\u0441\\u043f\\u043e\\u043b\\u043d\\u0438\\u0442\\u0435\\u043b\\u044c\", \"\\u0421\\u0440\\u043e\\u043a \\u0443\\u0441\\u0442\\u0440\\u0430\\u043d\\u0435\\u043d\\u0438\\u044f\", \"\\u041e\\u0442\\u043c\\u0435\\u0442\\u043a\\u0430 \\u043e\\u0431 \\u0443\\u0441\\u0442\\u0440\\u0430\\u043d\\u0435\\u043d\\u0438\\u0438\", \"\\u0414\\u0430\\u0442\\u0430 \\u0443\\u0441\\u0442\\u0440\\u0430\\u043d\\u0435\\u043d\\u0438\\u044f \\u043d\\u0435\\u0441\\u043e\\u043e\\u0442\\u0432\\u0435\\u0442\\u0441\\u0442\\u0432\\u0438\\u044f\", \"\\u0424\\u043e\\u0442\\u043e \\u0443\\u0441\\u0442\\u0440\\u0430\\u043d\\u0435\\u043d\\u0438\\u044f\", \"\\u041f\\u0440\\u0438\\u0447\\u0438\\u043d\\u0430 \\u043f\\u043e\\u044f\\u0432\\u043b\\u0435\\u043d\\u0438\\u044f \\u043d\\u0435\\u0441\\u043e\\u043e\\u0442\\u0432\\u0435\\u0442\\u0441\\u0442\\u0432\\u0438\\u044f\", \"\\u041a\\u043e\\u0440\\u0440\\u0435\\u043a\\u0442\\u0438\\u0440\\u0443\\u044e\\u0449\\u0435\\u0435 \\u0434\\u0435\\u0439\\u0441\\u0442\\u0432\\u0438\\u0435\", \"\\u041d\\u0435\\u043e\\u0431\\u0445\\u043e\\u0434\\u0438\\u043c\\u044b\\u0435 \\u0440\\u0435\\u0441\\u0443\\u0440\\u0441\\u044b\", \"\\u0418\\u0441\\u043f\\u043e\\u043b\\u043d\\u0438\\u0442\\u0435\\u043b\\u044c\", \"\\u0421\\u0440\\u043e\\u043a \\u043a\\u043e\\u0440\\u0440\\u0435\\u043a\\u0442\\u0438\\u0440\\u043e\\u0432\\u043a\\u0438\"]}}]"}}, {"model": "admin.logentry", "pk": 16, "fields": {"action_time": "2021-09-25T03:29:41.526Z", "user": 1, "content_type": 8, "object_id": "2", "object_repr": "КС-7,8", "action_flag": 1, "change_message": "[{\"added\": {}}]"}}, {"model": "admin.logentry", "pk": 17, "fields": {"action_time": "2021-09-25T03:29:43.078Z", "user": 1, "content_type": 3, "object_id": "3", "object_repr": "dsa", "action_flag": 1, "change_message": "[{\"added\": {}}, {\"added\": {\"name\": \"\\u043f\\u0440\\u043e\\u0444\\u0438\\u043b\\u044c \\u043f\\u043e\\u043b\\u044c\\u0437\\u043e\\u0432\\u0430\\u0442\\u0435\\u043b\\u044f\", \"object\": \"\\u041a\\u0430\\u0440\\u0438\\u043c \\u0411\\u0435\\u043d\\u0437\\u0435\\u043c\\u0430\"}}]"}}, {"model": "admin.logentry", "pk": 18, "fields": {"action_time": "2021-09-25T05:35:39.037Z", "user": 1, "content_type": 12, "object_id": "11", "object_repr": "Акт №1-2020 | 3 уровень АПК", "action_flag": 1, "change_message": "[{\"added\": {}}]"}}, {"model": "admin.logentry", "pk": 19, "fields": {"action_time": "2021-09-25T08:01:13.555Z", "user": 1, "content_type": 12, "object_id": "14", "object_repr": "Акт №6-2021 | 3 уровень АПК", "action_flag": 3, "change_message": ""}}, {"model": "admin.logentry", "pk": 20, "fields": {"action_time": "2021-09-25T08:03:06.962Z", "user": 1, "content_type": 12, "object_id": "17", "object_repr": "Акт №10-2021 | 3 уровень АПК", "action_flag": 1, "change_message": "[{\"added\": {}}]"}}, {"model": "admin.logentry", "pk": 21, "fields": {"action_time": "2021-09-25T08:03:37.512Z", "user": 1, "content_type": 12, "object_id": "5", "object_repr": "Акт №2-2021 | 3 уровень АПК", "action_flag": 3, "change_message": ""}}, {"model": "admin.logentry", "pk": 22, "fields": {"action_time": "2021-09-25T08:05:14.228Z", "user": 1, "content_type": 12, "object_id": "20", "object_repr": "Акт №7-2021 | 3 уровень АПК", "action_flag": 1, "change_message": "[{\"added\": {}}]"}}, {"model": "admin.logentry", "pk": 23, "fields": {"action_time": "2021-09-25T08:11:19.472Z", "user": 1, "content_type": 13, "object_id": "2", "object_repr": "№2, Акт №1, КС-5,6 | ГПА 51", "action_flag": 3, "change_message": ""}}, {"model": "admin.logentry", "pk": 24, "fields": {"action_time": "2021-09-25T13:12:19.070Z", "user": 1, "content_type": 3, "object_id": "1", "object_repr": "huji", "action_flag": 2, "change_message": "[{\"changed\": {\"name\": \"\\u043f\\u0440\\u043e\\u0444\\u0438\\u043b\\u044c \\u043f\\u043e\\u043b\\u044c\\u0437\\u043e\\u0432\\u0430\\u0442\\u0435\\u043b\\u044f\", \"object\": \"\\u0422\\u0430\\u043b\\u0433\\u0430\\u043d \\u041c\\u0443\\u0441\\u0430\\u0433\\u0430\\u043b\\u0438\\u0435\\u0432\", \"fields\": [\"\\u0414\\u043e\\u043b\\u0436\\u043d\\u043e\\u0441\\u0442\\u044c\"]}}]"}}, {"model": "admin.logentry", "pk": 25, "fields": {"action_time": "2021-09-25T14:20:52.701Z", "user": 1, "content_type": 11, "object_id": "4", "object_repr": "2 уровень АПК", "action_flag": 1, "change_message": "[{\"added\": {}}]"}}, {"model": "admin.logentry", "pk": 26, "fields": {"action_time": "2021-09-25T14:21:10.595Z", "user": 1, "content_type": 11, "object_id": "5", "object_repr": "1 уровень АПК", "action_flag": 1, "change_message": "[{\"added\": {}}]"}}, {"model": "admin.logentry", "pk": 27, "fields": {"action_time": "2021-09-27T07:52:53.985Z", "user": 1, "content_type": 3, "object_id": "1", "object_repr": "huji", "action_flag": 2, "change_message": "[{\"changed\": {\"fields\": [\"First name\", \"Last name\"]}}, {\"changed\": {\"name\": \"\\u043f\\u0440\\u043e\\u0444\\u0438\\u043b\\u044c \\u043f\\u043e\\u043b\\u044c\\u0437\\u043e\\u0432\\u0430\\u0442\\u0435\\u043b\\u044f\", \"object\": \"\\u0410\\u043b\\u0435\\u043a\\u0441\\u0435\\u0439 \\u0421\\u0430\\u0439\\u0433\\u0438\\u043d\", \"fields\": [\"\\u041e\\u0442\\u0447\\u0435\\u0441\\u0442\\u0432\\u043e\"]}}]"}}, {"model": "admin.logentry", "pk": 28, "fields": {"action_time": "2021-09-27T07:54:08.521Z", "user": 1, "content_type": 8, "object_id": "3", "object_repr": "Бобровское ЛПУМГ", "action_flag": 1, "change_message": "[{\"added\": {}}]"}}, {"model": "admin.logentry", "pk": 29, "fields": {"action_time": "2021-09-27T07:54:19.621Z", "user": 1, "content_type": 3, "object_id": "2", "object_repr": "guest", "action_flag": 2, "change_message": "[{\"changed\": {\"fields\": [\"Password\", \"Username\", \"First name\", \"Last name\"]}}, {\"changed\": {\"name\": \"\\u043f\\u0440\\u043e\\u0444\\u0438\\u043b\\u044c \\u043f\\u043e\\u043b\\u044c\\u0437\\u043e\\u0432\\u0430\\u0442\\u0435\\u043b\\u044f\", \"object\": \"\\u0413\\u043e\\u0441\\u0442\\u044c\", \"fields\": [\"\\u041c\\u0435\\u0441\\u0442\\u043e \\u0440\\u0430\\u0431\\u043e\\u0442\\u044b\"]}}]"}}, {"model": "admin.logentry", "pk": 30, "fields": {"action_time": "2021-09-27T07:55:48.751Z", "user": 1, "content_type": 8, "object_id": "4", "object_repr": "Группа по ОТ", "action_flag": 1, "change_message": "[{\"added\": {}}]"}}, {"model": "admin.logentry", "pk": 31, "fields": {"action_time": "2021-09-27T07:55:51.406Z", "user": 1, "content_type": 3, "object_id": "3", "object_repr": "qwerty", "action_flag": 2, "change_message": "[{\"changed\": {\"fields\": [\"Password\", \"Username\", \"First name\", \"Last name\", \"Email address\"]}}, {\"changed\": {\"name\": \"\\u043f\\u0440\\u043e\\u0444\\u0438\\u043b\\u044c \\u043f\\u043e\\u043b\\u044c\\u0437\\u043e\\u0432\\u0430\\u0442\\u0435\\u043b\\u044f\", \"object\": \"\\u0418\\u0432\\u0430\\u043d \\u0418\\u0432\\u0430\\u043d\\u043e\\u0432\", \"fields\": [\"\\u041e\\u0442\\u0447\\u0435\\u0441\\u0442\\u0432\\u043e\", \"\\u0414\\u043e\\u043b\\u0436\\u043d\\u043e\\u0441\\u0442\\u044c\", \"\\u041c\\u0435\\u0441\\u0442\\u043e \\u0440\\u0430\\u0431\\u043e\\u0442\\u044b\"]}}]"}}, {"model": "admin.logentry", "pk": 32, "fields": {"action_time": "2021-09-27T07:56:18.831Z", "user": 1, "content_type": 3, "object_id": "3", "object_repr": "i.i.ivanov", "action_flag": 2, "change_message": "[{\"changed\": {\"fields\": [\"Username\"]}}]"}}, {"model": "admin.logentry", "pk": 33, "fields": {"action_time": "2021-09-27T07:57:33.386Z", "user": 1, "content_type": 8, "object_id": "5", "object_repr": "КС-2,3", "action_flag": 1, "change_message": "[{\"added\": {}}]"}}, {"model": "admin.logentry", "pk": 34, "fields": {"action_time": "2021-09-27T07:57:35.621Z", "user": 1, "content_type": 3, "object_id": "4", "object_repr": "p.p.petrov", "action_flag": 1, "change_message": "[{\"added\": {}}, {\"added\": {\"name\": \"\\u043f\\u0440\\u043e\\u0444\\u0438\\u043b\\u044c \\u043f\\u043e\\u043b\\u044c\\u0437\\u043e\\u0432\\u0430\\u0442\\u0435\\u043b\\u044f\", \"object\": \"\\u041f\\u0451\\u0442\\u0440 \\u041f\\u0435\\u0442\\u0440\\u043e\\u0432\"}}]"}}, {"model": "admin.logentry", "pk": 35, "fields": {"action_time": "2021-09-27T07:59:06.416Z", "user": 1, "content_type": 3, "object_id": "5", "object_repr": "t.i.sapunov", "action_flag": 1, "change_message": "[{\"added\": {}}, {\"added\": {\"name\": \"\\u043f\\u0440\\u043e\\u0444\\u0438\\u043b\\u044c \\u043f\\u043e\\u043b\\u044c\\u0437\\u043e\\u0432\\u0430\\u0442\\u0435\\u043b\\u044f\", \"object\": \"\\u0422\\u0438\\u043c\\u043e\\u0444\\u0435\\u0439\\u0451 \\u0421\\u0430\\u043f\\u0443\\u043d\\u043e\\u0432\"}}]"}}, {"model": "admin.logentry", "pk": 36, "fields": {"action_time": "2021-09-27T08:00:46.011Z", "user": 1, "content_type": 3, "object_id": "6", "object_repr": "a.p.beliy", "action_flag": 1, "change_message": "[{\"added\": {}}, {\"added\": {\"name\": \"\\u043f\\u0440\\u043e\\u0444\\u0438\\u043b\\u044c \\u043f\\u043e\\u043b\\u044c\\u0437\\u043e\\u0432\\u0430\\u0442\\u0435\\u043b\\u044f\", \"object\": \"\\u0410\\u043d\\u0434\\u0440\\u0435\\u0439 \\u0411\\u0435\\u043b\\u044b\\u0439\"}}]"}}, {"model": "admin.logentry", "pk": 37, "fields": {"action_time": "2021-09-27T08:01:31.141Z", "user": 1, "content_type": 11, "object_id": "6", "object_repr": "Аудит", "action_flag": 1, "change_message": "[{\"added\": {}}]"}}, {"model": "admin.logentry", "pk": 38, "fields": {"action_time": "2021-09-27T08:01:56.393Z", "user": 1, "content_type": 8, "object_id": "6", "object_repr": "ЭВС", "action_flag": 1, "change_message": "[{\"added\": {}}]"}}, {"model": "admin.logentry", "pk": 39, "fields": {"action_time": "2021-09-27T08:02:02.626Z", "user": 1, "content_type": 8, "object_id": "7", "object_repr": "СЗК", "action_flag": 1, "change_message": "[{\"added\": {}}]"}}, {"model": "admin.logentry", "pk": 40, "fields": {"action_time": "2021-09-27T08:02:20.981Z", "user": 1, "content_type": 8, "object_id": "8", "object_repr": "Служба связи", "action_flag": 1, "change_message": "[{\"added\": {}}]"}}, {"model": "admin.logentry", "pk": 41, "fields": {"action_time": "2021-09-27T08:02:58.017Z", "user": 1, "content_type": 10, "object_id": "2", "object_repr": "КС-5,6 | ГПА 52", "action_flag": 1, "change_message": "[{\"added\": {}}]"}}, {"model": "admin.logentry", "pk": 42, "fields": {"action_time": "2021-09-27T08:03:10.677Z", "user": 1, "content_type": 10, "object_id": "3", "object_repr": "КС-5,6 | ГПА 53", "action_flag": 1, "change_message": "[{\"added\": {}}]"}}, {"model": "admin.logentry", "pk": 43, "fields": {"action_time": "2021-09-27T08:03:26.837Z", "user": 1, "content_type": 10, "object_id": "4", "object_repr": "КС-7,8 | БПТПГ КС-7", "action_flag": 1, "change_message": "[{\"added\": {}}]"}}, {"model": "admin.logentry", "pk": 44, "fields": {"action_time": "2021-09-27T08:03:39.887Z", "user": 1, "content_type": 10, "object_id": "5", "object_repr": "КС-7,8 | ПЭБ КС-8", "action_flag": 1, "change_message": "[{\"added\": {}}]"}}, {"model": "admin.logentry", "pk": 45, "fields": {"action_time": "2021-09-27T08:03:49.957Z", "user": 1, "content_type": 10, "object_id": "6", "object_repr": "КС-2,3 | ГПА 23", "action_flag": 1, "change_message": "[{\"added\": {}}]"}}, {"model": "admin.logentry", "pk": 46, "fields": {"action_time": "2021-09-27T08:04:08.487Z", "user": 1, "content_type": 10, "object_id": "7", "object_repr": "ЭВС | Котельная", "action_flag": 1, "change_message": "[{\"added\": {}}]"}}, {"model": "admin.logentry", "pk": 47, "fields": {"action_time": "2021-09-27T08:04:36.227Z", "user": 1, "content_type": 12, "object_id": "2", "object_repr": "Акт №1-2021 | 4 уровень АПК", "action_flag": 3, "change_message": ""}}, {"model": "admin.logentry", "pk": 48, "fields": {"action_time": "2021-09-27T08:04:36.242Z", "user": 1, "content_type": 12, "object_id": "3", "object_repr": "Акт №2-2021 | 4 уровень АПК", "action_flag": 3, "change_message": ""}}, {"model": "admin.logentry", "pk": 49, "fields": {"action_time": "2021-09-27T08:04:36.247Z", "user": 1, "content_type": 12, "object_id": "7", "object_repr": "Акт №3-2021 | 4 уровень АПК", "action_flag": 3, "change_message": ""}}, {"model": "admin.logentry", "pk": 50, "fields": {"action_time": "2021-09-27T08:04:36.257Z", "user": 1, "content_type": 12, "object_id": "8", "object_repr": "Акт №4-2021 | 4 уровень АПК", "action_flag": 3, "change_message": ""}}, {"model": "admin.logentry", "pk": 51, "fields": {"action_time": "2021-09-27T08:04:36.257Z", "user": 1, "content_type": 12, "object_id": "9", "object_repr": "Акт №5-2021 | 4 уровень АПК", "action_flag": 3, "change_message": ""}}, {"model": "admin.logentry", "pk": 52, "fields": {"action_time": "2021-09-27T08:04:36.267Z", "user": 1, "content_type": 12, "object_id": "10", "object_repr": "Акт №6-2021 | 4 уровень АПК", "action_flag": 3, "change_message": ""}}, {"model": "admin.logentry", "pk": 53, "fields": {"action_time": "2021-09-27T08:04:36.277Z", "user": 1, "content_type": 12, "object_id": "15", "object_repr": "Акт №7-2021 | 4 уровень АПК", "action_flag": 3, "change_message": ""}}, {"model": "admin.logentry", "pk": 54, "fields": {"action_time": "2021-09-27T08:04:36.287Z", "user": 1, "content_type": 12, "object_id": "22", "object_repr": "Акт №8-2021 | 4 уровень АПК", "action_flag": 3, "change_message": ""}}, {"model": "admin.logentry", "pk": 55, "fields": {"action_time": "2021-09-27T08:04:36.297Z", "user": 1, "content_type": 12, "object_id": "25", "object_repr": "Акт №9-2021 | 4 уровень АПК", "action_flag": 3, "change_message": ""}}, {"model": "admin.logentry", "pk": 56, "fields": {"action_time": "2021-09-27T08:05:06.727Z", "user": 1, "content_type": 12, "object_id": "20", "object_repr": "Акт №7-2021 | 3 уровень АПК", "action_flag": 3, "change_message": ""}}, {"model": "admin.logentry", "pk": 57, "fields": {"action_time": "2021-09-27T08:05:06.737Z", "user": 1, "content_type": 12, "object_id": "17", "object_repr": "Акт №10-2021 | 3 уровень АПК", "action_flag": 3, "change_message": ""}}, {"model": "admin.logentry", "pk": 58, "fields": {"action_time": "2021-09-27T08:05:06.747Z", "user": 1, "content_type": 12, "object_id": "18", "object_repr": "Акт №11-2021 | 3 уровень АПК", "action_flag": 3, "change_message": ""}}, {"model": "admin.logentry", "pk": 59, "fields": {"action_time": "2021-09-27T08:05:06.758Z", "user": 1, "content_type": 12, "object_id": "19", "object_repr": "Акт №12-2021 | 3 уровень АПК", "action_flag": 3, "change_message": ""}}, {"model": "admin.logentry", "pk": 60, "fields": {"action_time": "2021-09-27T08:05:06.758Z", "user": 1, "content_type": 12, "object_id": "21", "object_repr": "Акт №13-2021 | 3 уровень АПК", "action_flag": 3, "change_message": ""}}, {"model": "admin.logentry", "pk": 61, "fields": {"action_time": "2021-09-27T08:05:06.767Z", "user": 1, "content_type": 12, "object_id": "23", "object_repr": "Акт №14-2021 | 3 уровень АПК", "action_flag": 3, "change_message": ""}}, {"model": "admin.logentry", "pk": 62, "fields": {"action_time": "2021-09-27T08:05:06.777Z", "user": 1, "content_type": 12, "object_id": "24", "object_repr": "Акт №15-2021 | 3 уровень АПК", "action_flag": 3, "change_message": ""}}, {"model": "admin.logentry", "pk": 63, "fields": {"action_time": "2021-09-27T08:05:06.787Z", "user": 1, "content_type": 12, "object_id": "26", "object_repr": "Акт №16-2021 | 3 уровень АПК", "action_flag": 3, "change_message": ""}}, {"model": "admin.logentry", "pk": 64, "fields": {"action_time": "2021-09-27T08:05:26.157Z", "user": 1, "content_type": 12, "object_id": "6", "object_repr": "Акт №3-2021 | 3 уровень АПК", "action_flag": 3, "change_message": ""}}, {"model": "admin.logentry", "pk": 65, "fields": {"action_time": "2021-09-27T08:05:26.167Z", "user": 1, "content_type": 12, "object_id": "12", "object_repr": "Акт №4-2021 | 3 уровень АПК", "action_flag": 3, "change_message": ""}}, {"model": "admin.logentry", "pk": 66, "fields": {"action_time": "2021-09-27T08:05:26.177Z", "user": 1, "content_type": 12, "object_id": "13", "object_repr": "Акт №5-2021 | 3 уровень АПК", "action_flag": 3, "change_message": ""}}, {"model": "admin.logentry", "pk": 67, "fields": {"action_time": "2021-09-27T08:05:26.185Z", "user": 1, "content_type": 12, "object_id": "16", "object_repr": "Акт №6-2021 | 3 уровень АПК", "action_flag": 3, "change_message": ""}}, {"model": "admin.logentry", "pk": 68, "fields": {"action_time": "2021-09-27T08:05:38.937Z", "user": 1, "content_type": 13, "object_id": "15", "object_repr": "№9, Акт №1, КС-5,6 | ГПА 51", "action_flag": 3, "change_message": ""}}, {"model": "admin.logentry", "pk": 69, "fields": {"action_time": "2021-09-27T08:05:38.947Z", "user": 1, "content_type": 13, "object_id": "11", "object_repr": "№8, Акт №1, КС-5,6 | ГПА 51", "action_flag": 3, "change_message": ""}}, {"model": "admin.logentry", "pk": 70, "fields": {"action_time": "2021-09-27T08:05:38.957Z", "user": 1, "content_type": 13, "object_id": "10", "object_repr": "№7, Акт №1, КС-5,6 | ГПА 51", "action_flag": 3, "change_message": ""}}, {"model": "admin.logentry", "pk": 71, "fields": {"action_time": "2021-09-27T08:05:38.957Z", "user": 1, "content_type": 13, "object_id": "9", "object_repr": "№6, Акт №1, КС-5,6 | ГПА 51", "action_flag": 3, "change_message": ""}}, {"model": "admin.logentry", "pk": 72, "fields": {"action_time": "2021-09-27T08:05:38.967Z", "user": 1, "content_type": 13, "object_id": "8", "object_repr": "№5, Акт №1, КС-5,6 | ГПА 51", "action_flag": 3, "change_message": ""}}, {"model": "admin.logentry", "pk": 73, "fields": {"action_time": "2021-09-27T08:05:38.977Z", "user": 1, "content_type": 13, "object_id": "7", "object_repr": "№4, Акт №1, КС-5,6 | ГПА 51", "action_flag": 3, "change_message": ""}}, {"model": "admin.logentry", "pk": 74, "fields": {"action_time": "2021-09-27T08:05:38.977Z", "user": 1, "content_type": 13, "object_id": "6", "object_repr": "№1, Акт №1, КС-5,6 | ГПА 51", "action_flag": 3, "change_message": ""}}, {"model": "admin.logentry", "pk": 75, "fields": {"action_time": "2021-09-27T08:05:38.987Z", "user": 1, "content_type": 13, "object_id": "3", "object_repr": "№3, Акт №1, КС-5,6 | ГПА 51", "action_flag": 3, "change_message": ""}}, {"model": "admin.logentry", "pk": 76, "fields": {"action_time": "2021-09-27T08:05:38.997Z", "user": 1, "content_type": 13, "object_id": "1", "object_repr": "№1, Акт №1, КС-5,6 | ГПА 51", "action_flag": 3, "change_message": ""}}, {"model": "admin.logentry", "pk": 77, "fields": {"action_time": "2021-09-27T08:24:56.007Z", "user": 1, "content_type": 3, "object_id": "5", "object_repr": "t.i.sapunov", "action_flag": 2, "change_message": "[{\"changed\": {\"fields\": [\"First name\"]}}]"}}, {"model": "admin.logentry", "pk": 78, "fields": {"action_time": "2021-09-27T08:25:42.147Z", "user": 1, "content_type": 3, "object_id": "2", "object_repr": "guest", "action_flag": 2, "change_message": "[]"}}, {"model": "sessions.session", "pk": "1olacnvmvzdco6lbgamncfcv3a91te9u", "fields": {"session_data": ".eJxVjEsKwjAUAO-StYQmeUmMS_c9Q3g_bVVaaNqVeHcpdKHbmWHepuK2DnVrutRRzMU4c_plhPzUaRfywOk-W56ndRnJ7ok9bLP9LPq6Hu3fYMA27FtfIgQg8TmxlHN2N0ccsANISYlQhBN0yUckCqCpZFbhiEXJQQ7m8wXc1jgp:1mUMcP:oYT_4RYHv4P1vNFE4t31NqSEeo5DJBBkmlDuGXLecjw", "expire_date": "2021-10-10T05:22:29.667Z"}}, {"model": "sessions.session", "pk": "2bsaezbewlpjhtm6uk9fpetefezpqliq", "fields": {"session_data": ".eJxVjEsKwjAUAO-StYQmeUmMS_c9Q3g_bVVaaNqVeHcpdKHbmWHepuK2DnVrutRRzMU4c_plhPzUaRfywOk-W56ndRnJ7ok9bLP9LPq6Hu3fYMA27FtfIgQg8TmxlHN2N0ccsANISYlQhBN0yUckCqCpZFbhiEXJQQ7m8wXc1jgp:1mUlvu:lO7ohpmxaQ_uP-wlmKJq7pIrUM-IIPJwn1paL2OoX1A", "expire_date": "2021-10-11T08:24:18.137Z"}}, {"model": "sessions.session", "pk": "lfxltd91amxwpzfh8ys96w4art57bkuh", "fields": {"session_data": ".eJxVjEsKwjAUAO-StYQmeUmMS_c9Q3g_bVVaaNqVeHcpdKHbmWHepuK2DnVrutRRzMU4c_plhPzUaRfywOk-W56ndRnJ7ok9bLP9LPq6Hu3fYMA27FtfIgQg8TmxlHN2N0ccsANISYlQhBN0yUckCqCpZFbhiEXJQQ7m8wXc1jgp:1mUMns:3DOaoiFeySJe5MtufC8Xum6QFGFDfIkHjvJ62VruyVY", "expire_date": "2021-10-10T05:34:20.606Z"}}, {"model": "sessions.session", "pk": "ukufft79a94qbzul3snqwn4xvysvasha", "fields": {"session_data": ".eJxVjEsKwjAUAO-StYQmeUmMS_c9Q3g_bVVaaNqVeHcpdKHbmWHepuK2DnVrutRRzMU4c_plhPzUaRfywOk-W56ndRnJ7ok9bLP9LPq6Hu3fYMA27FtfIgQg8TmxlHN2N0ccsANISYlQhBN0yUckCqCpZFbhiEXJQQ7m8wXc1jgp:1mUWtg:KORW0yBeFF7jweQ5xOk4_bXay2shzLgkN8VaHwQI43o", "expire_date": "2021-10-10T16:21:00.676Z"}}, {"model": "sessions.session", "pk": "viotk8qskpdecinfrwhje0ja672j2w23", "fields": {"session_data": ".eJxVjEsKwjAUAO-StYQmeUmMS_c9Q3g_bVVaaNqVeHcpdKHbmWHepuK2DnVrutRRzMU4c_plhPzUaRfywOk-W56ndRnJ7ok9bLP9LPq6Hu3fYMA27FtfIgQg8TmxlHN2N0ccsANISYlQhBN0yUckCqCpZFbhiEXJQQ7m8wXc1jgp:1mUM6i:X8vBuQ0Nej6F4no3xRQXv5AAceO-PkRnv7AMIvPOGyI", "expire_date": "2021-10-10T04:49:44.279Z"}}, {"model": "thumbnail.kvstore", "pk": "sorl-thumbnail||image||0ca3deccbfb37f4e69d6e84e10009aa3", "fields": {"value": "{\"name\": \"cache/13/1c/131c4f11a223c9730d04e5d14bfb1bad.jpg\", \"storage\": \"django.core.files.storage.FileSystemStorage\", \"size\": [640, 420]}"}}, {"model": "thumbnail.kvstore", "pk": "sorl-thumbnail||image||138b98c9c4191aa05015bcd503742cbd", "fields": {"value": "{\"name\": \"cache/92/79/9279cd0332fcf2532792e9aec10e9546.jpg\", \"storage\": \"django.core.files.storage.FileSystemStorage\", \"size\": [640, 420]}"}}, {"model": "thumbnail.kvstore", "pk": "sorl-thumbnail||image||13e73361d233501b9f084a74a74895f6", "fields": {"value": "{\"name\": \"cache/39/b3/39b36609770f8bca58e703fd4e71ae9c.jpg\", \"storage\": \"django.core.files.storage.FileSystemStorage\", \"size\": [640, 420]}"}}, {"model": "thumbnail.kvstore", "pk": "sorl-thumbnail||image||1a4ae60bbd2d489e6a754cbd830ed4e2", "fields": {"value": "{\"name\": \"apk/photo_before/michal-matlon-UYFdIJizrt8-unsplash_6KC1hBL.jpg\", \"storage\": \"django.core.files.storage.FileSystemStorage\", \"size\": [4272, 2848]}"}}, {"model": "thumbnail.kvstore", "pk": "sorl-thumbnail||image||1e97dccb19a71c207aaefa993c4be707", "fields": {"value": "{\"name\": \"apk/photo_after/michal-mrozek-AP-OWtqJJeE-unsplash.jpg\", \"storage\": \"django.core.files.storage.FileSystemStorage\", \"size\": [6016, 4016]}"}}, {"model": "thumbnail.kvstore", "pk": "sorl-thumbnail||image||1f38cbfebe506ddc80dbc1fd41989175", "fields": {"value": "{\"name\": \"apk/photo_after/michal-mrozek-AP-OWtqJJeE-unsplash_IxXgqOD.jpg\", \"storage\": \"django.core.files.storage.FileSystemStorage\", \"size\": [800, 534]}"}}, {"model": "thumbnail.kvstore", "pk": "sorl-thumbnail||image||2442077e764603e8add9ee520b6a9db1", "fields": {"value": "{\"name\": \"apk/photo_before/D21o_600_D21o_03_huji_\\u041b\\u0435\\u043a\\u0430\\u0440\\u044c_\\u043f\\u0430\\u0440\\u043e\\u043f\\u0430\\u043d\\u043a__c_bGYcLTs.jpg\", \"storage\": \"django.core.files.storage.FileSystemStorage\", \"size\": [700, 489]}"}}, {"model": "thumbnail.kvstore", "pk": "sorl-thumbnail||image||24d8b46ba20aaeefc92bcbe31b873ebb", "fields": {"value": "{\"name\": \"apk/photo_before/roman-pentin-T5QT2bmiD4E-unsplash_dq1zUkL.jpg\", \"storage\": \"django.core.files.storage.FileSystemStorage\", \"size\": [800, 533]}"}}, {"model": "thumbnail.kvstore", "pk": "sorl-thumbnail||image||27014c83e2f4c9eafa148aa90cb6b829", "fields": {"value": "{\"name\": \"apk/photo_before/selim-arda-eryilmaz-XYeCKHcZNz8-unsplash_i1Erpzl.jpg\", \"storage\": \"django.core.files.storage.FileSystemStorage\", \"size\": [800, 533]}"}}, {"model": "thumbnail.kvstore", "pk": "sorl-thumbnail||image||2ed188398b69a1c513256489cdeb5de8", "fields": {"value": "{\"name\": \"apk/photo_after/michal-mrozek-AP-OWtqJJeE-unsplash_IlBqHQO.jpg\", \"storage\": \"django.core.files.storage.FileSystemStorage\", \"size\": [800, 534]}"}}, {"model": "thumbnail.kvstore", "pk": "sorl-thumbnail||image||3a89025b1900c5424575b3b695a4ac0a", "fields": {"value": "{\"name\": \"cache/2f/2b/2f2baf7b5a411612cece0977def96e25.jpg\", \"storage\": \"django.core.files.storage.FileSystemStorage\", \"size\": [640, 420]}"}}, {"model": "thumbnail.kvstore", "pk": "sorl-thumbnail||image||434996fe4f73e5955bb91761a38a0eac", "fields": {"value": "{\"name\": \"apk/photo_before/michal-mrozek-AP-OWtqJJeE-unsplash_r5ETxPr.jpg\", \"storage\": \"django.core.files.storage.FileSystemStorage\", \"size\": [800, 534]}"}}, {"model": "thumbnail.kvstore", "pk": "sorl-thumbnail||image||434d2204bd2ed26d07830638bc885038", "fields": {"value": "{\"name\": \"cache/23/f7/23f79f8413f2e1b3e91763c133ce6d6b.jpg\", \"storage\": \"django.core.files.storage.FileSystemStorage\", \"size\": [640, 420]}"}}, {"model": "thumbnail.kvstore", "pk": "sorl-thumbnail||image||468ccf38ca27fc0c83568341fa3a5edd", "fields": {"value": "{\"name\": \"cache/85/f4/85f4963962e0dc6fcca4710d44948c2d.jpg\", \"storage\": \"django.core.files.storage.FileSystemStorage\", \"size\": [640, 420]}"}}, {"model": "thumbnail.kvstore", "pk": "sorl-thumbnail||image||4984acfb409492f98de66cc4d76d6e19", "fields": {"value": "{\"name\": \"apk/photo_before/selim-arda-eryilmaz-XYeCKHcZNz8-unsplash_7NBP49L.jpg\", \"storage\": \"django.core.files.storage.FileSystemStorage\", \"size\": [1000, 667]}"}}, {"model": "thumbnail.kvstore", "pk": "sorl-thumbnail||image||4ce0fa8274d06366cc0c0e0cd26572e1", "fields": {"value": "{\"name\": \"cache/77/27/77273c28133256dc8089e2455d3eaf82.jpg\", \"storage\": \"django.core.files.storage.FileSystemStorage\", \"size\": [640, 420]}"}}, {"model": "thumbnail.kvstore", "pk": "sorl-thumbnail||image||4d0c9bb57599d5916a213b536e7b5373", "fields": {"value": "{\"name\": \"cache/e9/20/e920636937990fb01415f70b5254e62b.jpg\", \"storage\": \"django.core.files.storage.FileSystemStorage\", \"size\": [640, 420]}"}}, {"model": "thumbnail.kvstore", "pk": "sorl-thumbnail||image||4d6298b0d11532743c011ef19ae0f825", "fields": {"value": "{\"name\": \"apk/photo_after/michal-matlon-UYFdIJizrt8-unsplash_UcmztvG.jpg\", \"storage\": \"django.core.files.storage.FileSystemStorage\", \"size\": [4272, 2848]}"}}, {"model": "thumbnail.kvstore", "pk": "sorl-thumbnail||image||5e2a32e9d2649c8ae9bb20eb372dab2e", "fields": {"value": "{\"name\": \"cache/83/61/8361e5df715914f7a2e8eef2b721a889.jpg\", \"storage\": \"django.core.files.storage.FileSystemStorage\", \"size\": [640, 420]}"}}, {"model": "thumbnail.kvstore", "pk": "sorl-thumbnail||image||5f053555117571aa0fbba9254732afd7", "fields": {"value": "{\"name\": \"cache/1e/3a/1e3a8d34437dea52fd0a39974c5e02eb.jpg\", \"storage\": \"django.core.files.storage.FileSystemStorage\", \"size\": [640, 420]}"}}, {"model": "thumbnail.kvstore", "pk": "sorl-thumbnail||image||6f2473bf951fa2acf1b2a769f37933bd", "fields": {"value": "{\"name\": \"cache/3e/1b/3e1b212fb4a904ad51d0855bddb8798e.jpg\", \"storage\": \"django.core.files.storage.FileSystemStorage\", \"size\": [640, 420]}"}}, {"model": "thumbnail.kvstore", "pk": "sorl-thumbnail||image||6f4675a71b1693edf3c472e4ded920a7", "fields": {"value": "{\"name\": \"cache/a7/2b/a72b51cda78b144eafc882165d201a45.jpg\", \"storage\": \"django.core.files.storage.FileSystemStorage\", \"size\": [640, 420]}"}}, {"model": "thumbnail.kvstore", "pk": "sorl-thumbnail||image||8657a29d6d0515a0f7e5faec0390b70e", "fields": {"value": "{\"name\": \"apk/photo_before/roman-pentin-T5QT2bmiD4E-unsplash.jpg\", \"storage\": \"django.core.files.storage.FileSystemStorage\", \"size\": [800, 533]}"}}, {"model": "thumbnail.kvstore", "pk": "sorl-thumbnail||image||8a33395c05bc47ebc99db5a542c41ac3", "fields": {"value": "{\"name\": \"cache/a9/d1/a9d136d29a975e4ee3626e30600fb7ec.jpg\", \"storage\": \"django.core.files.storage.FileSystemStorage\", \"size\": [640, 420]}"}}, {"model": "thumbnail.kvstore", "pk": "sorl-thumbnail||image||8f973e6ac5bd0e59f02b57df71ed9727", "fields": {"value": "{\"name\": \"cache/09/54/0954669d049f7c6f7047bbeb03f27141.jpg\", \"storage\": \"django.core.files.storage.FileSystemStorage\", \"size\": [640, 420]}"}}, {"model": "thumbnail.kvstore", "pk": "sorl-thumbnail||image||91dc7023c7941be2ee60a39635fe101f", "fields": {"value": "{\"name\": \"apk/photo_before/D21o_600_D21o_03_huji_\\u041b\\u0435\\u043a\\u0430\\u0440\\u044c_\\u043f\\u0430\\u0440\\u043e\\u043f\\u0430\\u043d\\u043a__c.jpg\", \"storage\": \"django.core.files.storage.FileSystemStorage\", \"size\": [300, 209]}"}}, {"model": "thumbnail.kvstore", "pk": "sorl-thumbnail||image||992364ecbc088b183e73022cffa3dd03", "fields": {"value": "{\"name\": \"apk/photo_before/danil-sorokin-rYQlRntSU0E-unsplash_Xq77zoA.jpg\", \"storage\": \"django.core.files.storage.FileSystemStorage\", \"size\": [536, 800]}"}}, {"model": "thumbnail.kvstore", "pk": "sorl-thumbnail||image||9b4ddce960f4dc704f87d93ac56a5689", "fields": {"value": "{\"name\": \"apk/photo_before/michal-matlon-UYFdIJizrt8-unsplash.jpg\", \"storage\": \"django.core.files.storage.FileSystemStorage\", \"size\": [800, 533]}"}}, {"model": "thumbnail.kvstore", "pk": "sorl-thumbnail||image||a64d5bf45a3bba68925552084194a055", "fields": {"value": "{\"name\": \"cache/c1/05/c10572c13b092bdefe11b9458279b32d.jpg\", \"storage\": \"django.core.files.storage.FileSystemStorage\", \"size\": [640, 420]}"}}, {"model": "thumbnail.kvstore", "pk": "sorl-thumbnail||image||a75c795a41741c91c2b2c93daf7c3fd7", "fields": {"value": "{\"name\": \"apk/photo_before/danil-sorokin-rYQlRntSU0E-unsplash.jpg\", \"storage\": \"django.core.files.storage.FileSystemStorage\", \"size\": [536, 800]}"}}, {"model": "thumbnail.kvstore", "pk": "sorl-thumbnail||image||aef66c9d5a854368e4615fb4a49b0095", "fields": {"value": "{\"name\": \"apk/photo_before/E-Cb9AmWQAMGC48.jpg\", \"storage\": \"django.core.files.storage.FileSystemStorage\", \"size\": [582, 600]}"}}, {"model": "thumbnail.kvstore", "pk": "sorl-thumbnail||image||b1e5f0820222bb611e4df83ab07c98ca", "fields": {"value": "{\"name\": \"apk/photo_before/selim-arda-eryilmaz-XYeCKHcZNz8-unsplash.jpg\", \"storage\": \"django.core.files.storage.FileSystemStorage\", \"size\": [700, 467]}"}}, {"model": "thumbnail.kvstore", "pk": "sorl-thumbnail||image||b3afbfc89e5a3ce001508946040a8740", "fields": {"value": "{\"name\": \"cache/7d/3d/7d3d3e3cf3e681597fc00581198614af.jpg\", \"storage\": \"django.core.files.storage.FileSystemStorage\", \"size\": [640, 420]}"}}, {"model": "thumbnail.kvstore", "pk": "sorl-thumbnail||image||be3761593827b52e8d5b01153014c141", "fields": {"value": "{\"name\": \"apk/photo_after/_____________________31.jpg\", \"storage\": \"django.core.files.storage.FileSystemStorage\", \"size\": [388, 800]}"}}, {"model": "thumbnail.kvstore", "pk": "sorl-thumbnail||image||bf11f33c8bd01f8be92128e5fafa4f96", "fields": {"value": "{\"name\": \"apk/photo_before/michal-mrozek-AP-OWtqJJeE-unsplash_2KOcdGo.jpg\", \"storage\": \"django.core.files.storage.FileSystemStorage\", \"size\": [800, 534]}"}}, {"model": "thumbnail.kvstore", "pk": "sorl-thumbnail||image||bfdaa9cf9a444a52a783d9da02fe70cc", "fields": {"value": "{\"name\": \"cache/37/41/3741d8e3a311efaeb784ad11ca466015.jpg\", \"storage\": \"django.core.files.storage.FileSystemStorage\", \"size\": [640, 420]}"}}, {"model": "thumbnail.kvstore", "pk": "sorl-thumbnail||image||ce7052e9e564e602c51ee97967c83ad4", "fields": {"value": "{\"name\": \"cache/f6/f4/f6f4c4eb1f6dfbeb6d91a1783b690f3d.jpg\", \"storage\": \"django.core.files.storage.FileSystemStorage\", \"size\": [640, 420]}"}}, {"model": "thumbnail.kvstore", "pk": "sorl-thumbnail||image||e08932ae135dd64048127a8f6cdb1b33", "fields": {"value": "{\"name\": \"cache/cb/d5/cbd5819be29804d0c57952e62c6fe3c6.jpg\", \"storage\": \"django.core.files.storage.FileSystemStorage\", \"size\": [640, 420]}"}}, {"model": "thumbnail.kvstore", "pk": "sorl-thumbnail||image||e6a0031d850ee682c0fc86d35e532bc8", "fields": {"value": "{\"name\": \"apk/photo_before/michal-mrozek-AP-OWtqJJeE-unsplash.jpg\", \"storage\": \"django.core.files.storage.FileSystemStorage\", \"size\": [800, 534]}"}}, {"model": "thumbnail.kvstore", "pk": "sorl-thumbnail||image||e86aaffe9d8e59110a5b542921665ea5", "fields": {"value": "{\"name\": \"cache/de/c9/dec9a3c6c94858be94c80635918b23eb.jpg\", \"storage\": \"django.core.files.storage.FileSystemStorage\", \"size\": [640, 420]}"}}, {"model": "thumbnail.kvstore", "pk": "sorl-thumbnail||thumbnails||1a4ae60bbd2d489e6a754cbd830ed4e2", "fields": {"value": "[\"a64d5bf45a3bba68925552084194a055\"]"}}, {"model": "thumbnail.kvstore", "pk": "sorl-thumbnail||thumbnails||1e97dccb19a71c207aaefa993c4be707", "fields": {"value": "[\"468ccf38ca27fc0c83568341fa3a5edd\"]"}}, {"model": "thumbnail.kvstore", "pk": "sorl-thumbnail||thumbnails||1f38cbfebe506ddc80dbc1fd41989175", "fields": {"value": "[\"ce7052e9e564e602c51ee97967c83ad4\"]"}}, {"model": "thumbnail.kvstore", "pk": "sorl-thumbnail||thumbnails||2442077e764603e8add9ee520b6a9db1", "fields": {"value": "[\"6f4675a71b1693edf3c472e4ded920a7\"]"}}, {"model": "thumbnail.kvstore", "pk": "sorl-thumbnail||thumbnails||24d8b46ba20aaeefc92bcbe31b873ebb", "fields": {"value": "[\"5f053555117571aa0fbba9254732afd7\"]"}}, {"model": "thumbnail.kvstore", "pk": "sorl-thumbnail||thumbnails||27014c83e2f4c9eafa148aa90cb6b829", "fields": {"value": "[\"e86aaffe9d8e59110a5b542921665ea5\"]"}}, {"model": "thumbnail.kvstore", "pk": "sorl-thumbnail||thumbnails||2ed188398b69a1c513256489cdeb5de8", "fields": {"value": "[\"6f2473bf951fa2acf1b2a769f37933bd\"]"}}, {"model": "thumbnail.kvstore", "pk": "sorl-thumbnail||thumbnails||434996fe4f73e5955bb91761a38a0eac", "fields": {"value": "[\"434d2204bd2ed26d07830638bc885038\"]"}}, {"model": "thumbnail.kvstore", "pk": "sorl-thumbnail||thumbnails||4984acfb409492f98de66cc4d76d6e19", "fields": {"value": "[\"3a89025b1900c5424575b3b695a4ac0a\"]"}}, {"model": "thumbnail.kvstore", "pk": "sorl-thumbnail||thumbnails||4d6298b0d11532743c011ef19ae0f825", "fields": {"value": "[\"b3afbfc89e5a3ce001508946040a8740\"]"}}, {"model": "thumbnail.kvstore", "pk": "sorl-thumbnail||thumbnails||8657a29d6d0515a0f7e5faec0390b70e", "fields": {"value": "[\"0ca3deccbfb37f4e69d6e84e10009aa3\"]"}}, {"model": "thumbnail.kvstore", "pk": "sorl-thumbnail||thumbnails||91dc7023c7941be2ee60a39635fe101f", "fields": {"value": "[\"13e73361d233501b9f084a74a74895f6\"]"}}, {"model": "thumbnail.kvstore", "pk": "sorl-thumbnail||thumbnails||992364ecbc088b183e73022cffa3dd03", "fields": {"value": "[\"8f973e6ac5bd0e59f02b57df71ed9727\"]"}}, {"model": "thumbnail.kvstore", "pk": "sorl-thumbnail||thumbnails||9b4ddce960f4dc704f87d93ac56a5689", "fields": {"value": "[\"5e2a32e9d2649c8ae9bb20eb372dab2e\"]"}}, {"model": "thumbnail.kvstore", "pk": "sorl-thumbnail||thumbnails||a75c795a41741c91c2b2c93daf7c3fd7", "fields": {"value": "[\"4d0c9bb57599d5916a213b536e7b5373\"]"}}, {"model": "thumbnail.kvstore", "pk": "sorl-thumbnail||thumbnails||aef66c9d5a854368e4615fb4a49b0095", "fields": {"value": "[\"bfdaa9cf9a444a52a783d9da02fe70cc\"]"}}, {"model": "thumbnail.kvstore", "pk": "sorl-thumbnail||thumbnails||b1e5f0820222bb611e4df83ab07c98ca", "fields": {"value": "[\"138b98c9c4191aa05015bcd503742cbd\"]"}}, {"model": "thumbnail.kvstore", "pk": "sorl-thumbnail||thumbnails||be3761593827b52e8d5b01153014c141", "fields": {"value": "[\"4ce0fa8274d06366cc0c0e0cd26572e1\"]"}}, {"model": "thumbnail.kvstore", "pk": "sorl-thumbnail||thumbnails||bf11f33c8bd01f8be92128e5fafa4f96", "fields": {"value": "[\"8a33395c05bc47ebc99db5a542c41ac3\"]"}}, {"model": "thumbnail.kvstore", "pk": "sorl-thumbnail||thumbnails||e6a0031d850ee682c0fc86d35e532bc8", "fields": {"value": "[\"e08932ae135dd64048127a8f6cdb1b33\"]"}}, {"model": "apk.department", "pk": 1, "fields": {"title": "КС-5,6"}}, {"model": "apk.department", "pk": 2, "fields": {"title": "КС-7,8"}}, {"model": "apk.department", "pk": 3, "fields": {"title": "Бобровское ЛПУМГ"}}, {"model": "apk.department", "pk": 4, "fields": {"title": "Группа по ОТ"}}, {"model": "apk.department", "pk": 5, "fields": {"title": "КС-2,3"}}, {"model": "apk.department", "pk": 6, "fields": {"title": "ЭВС"}}, {"model": "apk.department", "pk": 7, "fields": {"title": "СЗК"}}, {"model": "apk.department", "pk": 8, "fields": {"title": "Служба связи"}}, {"model": "apk.profile", "pk": 1, "fields": {"patronymic": "Викторович", "job_position": "Инженер по ЭОГО КС-5,6", "department": 1}}, {"model": "apk.profile", "pk": 2, "fields": {"patronymic": null, "job_position": "", "department": 3}}, {"model": "apk.profile", "pk": 3, "fields": {"patronymic": "Иванович", "job_position": "инженер по ОТ", "department": 4}}, {"model": "apk.profile", "pk": 4, "fields": {"patronymic": "Петрович", "job_position": "Начальник КС-2,3", "department": 5}}, {"model": "apk.profile", "pk": 5, "fields": {"patronymic": "Иванович", "job_position": "Инженер АиМО", "department": 2}}, {"model": "apk.profile", "pk": 6, "fields": {"patronymic": "Петрович", "job_position": "Главный инженер", "department": 3}}, {"model": "apk.location", "pk": 1, "fields": {"department": 1, "object": "ГПА 51"}}, {"model": "apk.location", "pk": 2, "fields": {"department": 1, "object": "ГПА 52"}}, {"model": "apk.location", "pk": 3, "fields": {"department": 1, "object": "ГПА 53"}}, {"model": "apk.location", "pk": 4, "fields": {"department": 2, "object": "БПТПГ КС-7"}}, {"model": "apk.location", "pk": 5, "fields": {"department": 2, "object": "ПЭБ КС-8"}}, {"model": "apk.location", "pk": 6, "fields": {"department": 5, "object": "ГПА 23"}}, {"model": "apk.location", "pk": 7, "fields": {"department": 6, "object": "Котельная"}}, {"model": "apk.control", "pk": 2, "fields": {"title": "3 уровень АПК", "slug": "3_apk"}}, {"model": "apk.control", "pk": 3, "fields": {"title": "4 уровень АПК", "slug": "4_apk"}}, {"model": "apk.control", "pk": 4, "fields": {"title": "2 уровень АПК", "slug": "2_apk"}}, {"model": "apk.control", "pk": 5, "fields": {"title": "1 уровень АПК", "slug": "1_apk"}}, {"model": "apk.control", "pk": 6, "fields": {"title": "Аудит", "slug": "audit"}}, {"model": "apk.act", "pk": 4, "fields": {"control_level": 2, "act_year": 2021, "act_number": 1, "act_compile_date": "2021-09-24", "closed": false}}, {"model": "apk.act", "pk": 11, "fields": {"control_level": 2, "act_year": 2020, "act_number": 1, "act_compile_date": "2021-09-25", "closed": false}}]